YEAR,SQUARE,SITE_ID,SAMPLE_DATE,WATER_WIDTH,DEPTH1,DEPTH2,DEPTH3,SURF_VEL_CAT,CLARITY,SAMPLING_TIME,METHOD,ROCK_PAVEMT,BOULDER_COBBLE,PEBBLE_GRAVEL,SAND,SILT_CLAY,DOM_PART_SIZE,MACROPHYTE_COVER,LC07,LC07_NUM,EZ_DESC_07,COUNTRY,COUNTY07
1990,CIOSPC,1,13-Sep-90,1,25,25,25,2,1,3,1,0,0,80,20,0,-2,50,6e,6,Westerly lowlands (England),ENG,Cornwall and Isles of Scilly
1990,YDSEWL,1,17-Sep-90,0.4,8,5,5,1,1,3,1,0,40,0,20,40,-6.5,80,6e,6,Westerly lowlands (England),ENG,Cornwall and Isles of Scilly
1990,EYAJMO,1,09-Sep-90,0.6,3,2,1,2,1,3,1,0,10,0,60,30,2,0,6e,6,Westerly lowlands (England),ENG,Cornwall and Isles of Scilly
1990,PVFUKI,1,20-Aug-90,1,2,2,1,1,1,2,1,0,70,20,5,5,-6.5,0,6e,6,Westerly lowlands (England),ENG,Plymouth Unitary Authority
1990,YDGWZL,1,05-Oct-90,0.8,4,7,4,2,1,3,1,0,0,80,0,20,-2,0,6e,6,Westerly lowlands (England),ENG,Devon
1990,NPPRGB,1,13-Oct-90,0.7,5,5,5,1,1,3,1,0,0,50,45,5,2,0,6e,6,Westerly lowlands (England),ENG,Devon
1990,UAFKOG,1,08-Sep-90,3,50,35,25,1,1,3,1,0,0,0,0,100,8,5,6e,6,Westerly lowlands (England),ENG,Cornwall and Isles of Scilly
1990,USETNA,1,07-Sep-90,0.8,5,6,5,2,1,3,1,0,0,60,20,20,-4.5,15,6e,6,Westerly lowlands (England),ENG,Cornwall and Isles of Scilly
1990,ZNFZXA,1,21-Sep-90,0.6,16,16,16,3,1,3,1,0,40,60,0,0,-2,30,17e,16,Uplands (England),ENG,Devon
1990,KMOUQH,1,12-Sep-90,2.4,38,35,18,1,1,3,1,0,0,0,0,100,8,0,8e,8,Westerly lowlands (England),ENG,Devon
1990,MZKVCB,1,31-Aug-90,0.4,1,3,2,1,1,3,1,0,0,70,30,0,-2,20,7e,7,Westerly lowlands (England),ENG,Isle of Wight Unitary Authority
1990,ZWKRMA,1,13-Sep-90,0.6,1,2,2,2,1,3,1,0,0,60,10,30,-4.5,0,6e,6,Westerly lowlands (England),ENG,Cornwall and Isles of Scilly
1990,UHWAME,1,19-Oct-90,0.7,2,5,2,1,1,3,1,0,10,20,0,70,6.5,0,1e,1,Westerly lowlands (England),ENG,Devon
1990,WFCADS,1,19-Jun-90,2.5,15,30,15,2,1,3,1,0,80,5,5,10,-9,60,1e,1,Westerly lowlands (England),ENG,Dorset
1990,ABOBUL,1,06-Jun-90,3.5,30,40,40,3,1,3,1,0,5,70,20,5,-3.25,20,1e,1,Westerly lowlands (England),ENG,Dorset
1990,ZMRGTC,1,22-Oct-90,0.8,17,16,9,1,1,3,1,0,0,0,0,100,6.5,0,1e,1,Westerly lowlands (England),ENG,Hampshire
1990,EMXYKT,1,10-Oct-90,0.8,17,18,24,3,1,3,1,0,0,15,5,80,8,0,6e,6,Westerly lowlands (England),ENG,Devon
1990,FMAYXW,1,27-Sep-90,0.7,8,4,7,2,1,3,1,0,85,10,0,5,-6.5,0,5e,5,Westerly lowlands (England),ENG,Devon
1990,MJNWTN,1,10-Oct-90,0.6,5,6,5,1,1,3,1,0,0,0,0,100,8,0,6e,6,Westerly lowlands (England),ENG,Devon
1990,YTTNGG,1,11-Nov-90,1.2,15,11,5,2,1,3,1,0,80,20,0,0,-6.5,0,6e,6,Westerly lowlands (England),ENG,Devon
1990,HNKUSP,1,04-Nov-90,0.7,10,10,10,2,1,3,1,0,10,50,25,15,-2,0,1e,1,Westerly lowlands (England),ENG,Somerset
1990,SNIVSZ,1,27-Jul-90,0.9,20,25,25,1,1,3,1,0,0,50,0,50,-4.5,85,2e,2,Easterly lowlands (England),ENG,Hampshire
1990,ZLAHSC,1,12-Jul-90,1.3,40,40,40,1,1,3,1,0,0,0,10,90,9.5,0,2e,2,Easterly lowlands (England),ENG,West Sussex
1990,JRQNKY,1,05-Nov-90,1.2,25,30,25,1,1,3,1,0,0,0,0,100,9.5,100,4e,4,Easterly lowlands (England),ENG,East Sussex
1990,BSARIT,1,25-Sep-90,0.6,3,5,2,1,1,3,1,0,0,50,5,45,6.5,0,6e,6,Westerly lowlands (England),ENG,Devon
1990,MTFPSJ,1,08-Oct-90,2,25,30,35,3,1,3,1,0,40,40,20,0,-6.5,0,6e,6,Westerly lowlands (England),ENG,Devon
1990,TWDIGY,1,07-Oct-90,0.6,3,8,5,3,1,3,1,0,50,35,10,5,-6.5,0,6e,6,Westerly lowlands (England),ENG,Somerset
1990,HKPNTT,1,25-Aug-90,1.4,6,7,5,2,1,3,1,0,0,5,75,20,2,0,1e,1,Westerly lowlands (England),ENG,Somerset
1990,XWEWWK,1,12-Jun-90,1.5,8,10,4,1,1,3,1,0,0,0,20,80,8,40,1e,1,Westerly lowlands (England),ENG,Wiltshire
1990,GCJEBY,1,20-Jun-90,1.6,10,5,10,2,1,3,1,0,0,0,0,100,9.5,0,2e,2,Easterly lowlands (England),ENG,Hampshire
1990,BQBGBD,1,31-Jul-90,1.2,14,15,10,2,1,3,1,0,0,5,10,85,9.5,0,3e,3,Easterly lowlands (England),ENG,West Sussex
1990,DKPKMO,1,25-Jul-90,3.3,50,80,70,1,1,3,1,0,0,0,0,100,9.5,95,3e,3,Easterly lowlands (England),ENG,Kent
1990,OFVZDJ,1,24-Sep-90,1.3,10,10,15,3,1,3,1,0,10,50,30,10,0,0,17e,16,Uplands (England),ENG,Devon
1990,TAZMMI,1,20-Aug-90,2.4,7,10,10,2,1,3,1,0,80,15,0,5,-6.5,5,6e,6,Westerly lowlands (England),ENG,Somerset
1990,HRZNYI,1,25-Oct-90,2,80,100,80,1,1,3,1,0,0,0,0,100,9.5,0,8e,8,Westerly lowlands (England),ENG,Somerset
1990,SJEJAB,1,26-Sep-90,2.5,60,70,60,1,1,3,1,0,0,0,0,100,9.5,60,4e,4,Easterly lowlands (England),ENG,Somerset
1990,NOFKFH,1,23-Sep-90,2,80,70,40,1,1,3,1,0,0,60,0,40,-2,0,1e,1,Westerly lowlands (England),ENG,Somerset
1990,HYYEET,1,17-Jul-90,1.5,25,12,8,2,1,3,1,0,0,40,10,50,6.5,0,3e,3,Easterly lowlands (England),ENG,Surrey
1990,MJSKRM,1,03-Jul-90,0.3,3,10,3,1,1,3,1,0,0,0,0,100,9.5,100,3e,3,Easterly lowlands (England),ENG,Kent
1990,JRZVUS,1,01-Jul-90,3.8,55,60,62,1,1,3,1,0,0,0,0,100,9.5,0,3e,3,Easterly lowlands (England),ENG,Kent
1990,MZHCNF,1,20-Oct-90,1,11,15,10,1,1,3,1,0,0,0,5,95,8,90,5e,5,Westerly lowlands (England),ENG,Wiltshire
1990,UAYXVX,1,05-Aug-90,0.5,1,2,1,1,1,3,1,0,0,70,0,30,-4.5,0,1e,1,Westerly lowlands (England),ENG,Hampshire
1990,ZUJTKP,1,08-Aug-90,6,80,60,50,1,1,3,1,0,0,70,20,10,-4.5,80,2e,2,Easterly lowlands (England),ENG,Hampshire
1990,LYVCID,1,06-Sep-90,4,70,150,70,1,1,3,1,0,0,0,0,100,8,0,7w,43,Lowlands (Wales),WAL,South Glamorgan
1990,DEJBBK,1,15-Oct-90,0.8,12,17,13,1,1,3,1,0,0,0,0,100,6.5,100,1e,1,Westerly lowlands (England),ENG,South Gloucestershire Unitary Authority
1990,BZJANF,1,07-Nov-90,1.8,3,7,6,1,1,3,1,0,15,5,5,75,6.5,50,2e,2,Easterly lowlands (England),ENG,Wiltshire
1990,OXVLRI,1,26-Jun-90,0.8,5,7,4,1,1,3,1,0,0,38,44,18,2,0,8e,8,Westerly lowlands (England),ENG,Kent
1990,KLOORS,1,17-Oct-90,1.5,20,25,20,3,1,3,1,0,60,30,5,5,-6.5,0,6w,42,Lowlands (Wales),WAL,West Glamorgan
1990,UIZSGP,1,18-Oct-90,2.5,10,20,10,2,1,3,1,0,15,75,5,5,-4.5,0,6w,42,Lowlands (Wales),WAL,Mid Glamorgan
1990,UEDLDK,1,22-Oct-90,1,10,25,15,1,1,3,1,0,70,25,5,0,-7.75,0,17w3,19,Uplands (Wales),WAL,Mid Glamorgan
1990,YTAUII,1,10-Oct-90,1,13,19,14,2,1,3,1,0,0,65,10,25,-2,0,5w,41,Lowlands (Wales),WAL,Gwent
1990,SIATHT,1,11-Oct-90,0.8,3,3,4,1,1,3,1,0,25,5,5,65,9.5,0,1e,1,Westerly lowlands (England),ENG,South Gloucestershire Unitary Authority
1990,RSDMVR,1,19-Oct-90,6,75,100,75,1,1,3,1,0,0,0,0,100,6.5,70,2e,2,Easterly lowlands (England),ENG,Wiltshire
1990,RAGOWO,1,31-Aug-90,0.6,2,3,2,2,1,3,1,0,0,70,0,30,-2,0,1e,1,Westerly lowlands (England),ENG,Oxfordshire
1990,WCDRAN,1,10-Aug-90,0.8,35,40,35,1,1,3,1,0,0,0,0,100,6.5,45,6w,42,Lowlands (Wales),WAL,Dyfed
1990,EARTZW,1,22-Aug-90,5,10,15,20,3,1,3,1,0,50,40,5,5,-6.5,0,5w,41,Lowlands (Wales),WAL,West Glamorgan
1990,NRKWUV,1,15-Sep-90,2,10,15,8,1,1,3,1,0,80,5,5,10,-7.75,75,17w2,18,Uplands (Wales),WAL,Mid Glamorgan
1990,ZUFRRX,1,18-Sep-90,3,15,10,8,1,1,3,1,0,10,40,5,45,6.5,0,5w,41,Lowlands (Wales),WAL,Gwent
1990,BXXDRJ,1,07-Aug-90,0.5,2,3,3,2,1,3,1,0,0,0,0,100,6.5,0,1e,1,Westerly lowlands (England),ENG,Oxfordshire
1990,CLLBKV,1,12-Sep-90,1,10,20,20,1,1,3,1,0,10,40,2,48,6.5,0,15w,44,Lowlands (Wales),WAL,Dyfed
1990,UGXHSQ,1,23-Aug-90,3,30,35,30,2,1,3,1,0,90,9,1,0,-7.75,0,17w2,18,Uplands (Wales),WAL,Powys
1990,RRUXQW,1,17-Oct-90,1.3,8,10,6,2,1,3,1,0,45,30,20,5,-5.5,1,17w2,18,Uplands (Wales),WAL,Gwent
1990,BGLCUJ,1,06-Sep-90,5,58,40,29,3,1,3,1,0,30,33,7,30,-6.5,5,11e,11,Easterly lowlands (England),ENG,Gloucestershire
1990,JUAXZV,1,16-Aug-90,1.7,29,30,22,1,1,3,1,0,0,0,0,100,8,100,1e,1,Westerly lowlands (England),ENG,Buckinghamshire
1990,OSSOAV,1,04-Sep-90,1.5,5,20,20,1,1,3,1,0,0,50,0,50,6.5,10,3e,3,Easterly lowlands (England),ENG,Essex
1990,TIFMNB,1,09-Aug-90,0.6,2,4,3,2,1,3,1,0,10,70,5,15,-3.25,60,7w,43,Lowlands (Wales),WAL,Dyfed
1990,MFKQWC,1,01-Aug-90,0.3,15,15,10,3,1,3,1,40,20,70,10,0,-2,0,17w3,19,Uplands (Wales),WAL,Dyfed
1990,JVNJJN,1,11-Jul-90,1.8,15,20,15,3,1,3,1,10,50,40,5,5,-5.5,0,18w,45,Uplands (Wales),WAL,Dyfed
1990,SOXGJY,1,19-Oct-90,2,5,2,6,3,1,3,1,0,40,40,15,5,-5.5,1,17e,16,Uplands (England),ENG,County of Herefordshire Unitary Authority
1990,LVPROI,1,27-Sep-90,0.8,10,12,7,3,1,3,1,0,0,5,10,85,8,35,1e,1,Westerly lowlands (England),ENG,County of Herefordshire Unitary Authority
1990,GWTTBV,1,11-Aug-90,2.8,5,5,5,2,1,3,1,0,45,45,5,5,-5.5,0,6w,42,Lowlands (Wales),WAL,Dyfed
1990,BUITKA,1,15-Aug-90,1,8,12,8,2,1,3,1,0,60,10,5,25,-7.75,0,15w,44,Lowlands (Wales),WAL,Dyfed
1990,NDGZWZ,1,18-Aug-90,0.8,3,4,3,2,1,3,1,0,30,65,2,3,-5.5,0,17w2,18,Uplands (Wales),WAL,Powys
1990,TSVOCK,1,18-Sep-90,0.8,8,5,8,1,1,3,1,0,0,10,10,80,8,0,9e,9,Easterly lowlands (England),ENG,County of Herefordshire Unitary Authority
1990,VFFKQD,1,23-Aug-90,3,2,2,2,1,1,3,1,0,0,0,0,100,8,10,9e,9,Easterly lowlands (England),ENG,Oxfordshire
1990,ELMOEX,1,06-Jul-90,6,30,50,40,1,1,3,1,0,10,5,30,55,4.25,5,11e,11,Easterly lowlands (England),ENG,Bedfordshire
1990,MGCMFH,1,12-Sep-90,4,30,50,30,1,1,3,1,0,0,0,10,90,9.5,70,3e,3,Easterly lowlands (England),ENG,Suffolk
1990,RBTFVD,1,04-Oct-90,2.5,45,30,35,3,1,3,1,80,15,80,2,3,-3.25,50,17w2,18,Uplands (Wales),WAL,Powys
1990,VFCIBD,1,11-Sep-90,1,6,10,8,1,1,3,1,0,10,50,20,20,-2,0,1e,1,Westerly lowlands (England),ENG,County of Herefordshire Unitary Authority
1990,CHQQXO,1,03-Aug-90,1.2,10,10,7,1,1,3,1,0,5,15,70,10,2,5,1e,1,Westerly lowlands (England),ENG,Worcestershire
1990,ZBTLJG,1,05-Sep-90,0.2,5,10,5,2,1,3,1,0,0,80,0,20,-3.25,0,1e,1,Westerly lowlands (England),ENG,Warwickshire
1990,WGFZAS,1,13-Jun-90,1.3,10,12,10,1,1,3,1,0,0,10,0,90,8,5,12e,12,Easterly lowlands (England),ENG,Cambridgeshire
1990,AXIHWL,1,25-Jun-90,6,90,150,90,1,1,3,1,0,0,0,0,100,8,15,3e,3,Easterly lowlands (England),ENG,Cambridgeshire
1990,WHKFUF,1,28-Sep-90,2.4,10,10,15,3,1,3,1,15,20,70,5,5,-4.5,0,15w,44,Lowlands (Wales),WAL,Dyfed
1990,QEYKPU,1,01-Nov-90,1,10,12,10,4,1,3,1,10,10,84,5,1,-4.5,0,17w2,18,Uplands (Wales),WAL,Powys
1990,FLWHQO,1,12-Sep-90,0.8,4,12,9,3,1,3,1,0,15,20,5,60,6.5,0,17e,16,Uplands (England),ENG,Shropshire
1990,YBDBIN,1,02-Oct-90,2.8,8,10,12,4,1,3,1,0,5,60,5,30,-4.5,0,1e,1,Westerly lowlands (England),ENG,Worcestershire
1990,HMPTVZ,1,30-Aug-90,2,15,25,20,4,1,3,1,0,0,2,3,95,6.5,0,3e,3,Easterly lowlands (England),ENG,Cambridgeshire
1990,TGNTVD,1,01-Sep-90,1.5,30,37,45,1,1,3,1,0,0,0,0,100,8,90,15w,44,Lowlands (Wales),WAL,Powys
1990,MDFNRP,1,05-Sep-90,1.2,5,10,5,2,1,3,1,0,60,30,5,5,-5.5,0,17e,16,Uplands (England),ENG,Shropshire
1990,XZZAGX,1,04-Oct-90,11,46,30,28,3,1,3,1,0,1,80,12,7,-4.5,3,9e,9,Easterly lowlands (England),ENG,West Midlands
1990,IUKPTW,1,20-Jun-90,1.8,27,25,25,1,1,3,1,0,0,0,0,100,8,100,12e,12,Easterly lowlands (England),ENG,Northamptonshire
1990,GNVOHN,1,02-Aug-90,3,30,80,30,1,1,3,1,0,0,0,0,100,9.5,90,8e,8,Westerly lowlands (England),ENG,Cambridgeshire
1990,MZWJCL,1,21-Jul-90,6,20,30,20,2,1,3,1,0,90,8,1,1,-6.5,5,15w,44,Lowlands (Wales),WAL,Gwynedd
1990,PAMHOJ,1,23-Jul-90,1.5,3,5,3,4,1,3,1,50,10,70,15,5,-3.25,30,17w3,19,Uplands (Wales),WAL,Powys
1990,RBWKUY,1,30-Jul-90,7.5,20,20,15,4,1,3,1,0,80,18,1,1,-7.75,3,17w2,18,Uplands (Wales),WAL,Powys
1990,QPNACB,1,10-Sep-90,1,10,10,10,1,1,3,1,0,1,8,1,90,6.5,0,10e,10,Westerly lowlands (England),ENG,Shropshire
1990,NHQOBM,1,14-Sep-90,3,25,50,20,2,1,3,1,0,60,0,0,40,-9,0,9e,9,Easterly lowlands (England),ENG,Leicestershire
1990,IRWYUZ,1,06-Jul-90,0.8,5,5,5,1,1,3,1,0,0,0,0,100,8,20,3e,3,Easterly lowlands (England),ENG,Norfolk
1990,YUGUQF,1,25-Jul-90,2,50,65,60,1,1,3,1,0,0,0,0,100,8,5,4e,4,Easterly lowlands (England),ENG,Norfolk
1990,XZCUFZ,1,11-Jul-90,5,40,90,50,1,1,3,1,0,0,0,0,100,6.5,5,7w,43,Lowlands (Wales),WAL,Gwynedd
1990,KFACFB,1,20-Jul-90,2,25,30,30,1,1,3,1,0,80,15,4,1,-7.75,0,17w3,19,Uplands (Wales),WAL,Gwynedd
1990,EFZSHR,1,27-Oct-90,3,10,20,40,4,1,3,1,5,70,25,4,1,-6.5,1,18w,45,Uplands (Wales),WAL,Gwynedd
1990,GXZDXP,1,19-Aug-90,1.6,15,20,20,3,1,3,1,0,60,40,0,0,-9,0,18w,45,Uplands (Wales),WAL,Powys
1990,HLPOPT,1,19-Sep-90,4,100,120,100,1,1,3,1,0,5,5,5,85,8,10,10e,10,Westerly lowlands (England),ENG,Telford and Wrekin Unitary Authority
1990,ZWSOED,1,11-Sep-90,1.5,23,25,23,1,1,3,1,0,25,50,0,25,-2,0,11e,11,Easterly lowlands (England),ENG,Lincolnshire
1990,URCWKY,1,28-Jun-90,1.3,10,15,10,1,1,3,1,0,0,0,0,100,6.5,2,12e,12,Easterly lowlands (England),ENG,Lincolnshire
1990,XDUEWA,1,12-Jun-90,0.8,0,1,1,1,1,3,1,0,30,20,5,45,6.5,15,7w,43,Lowlands (Wales),WAL,Gwynedd
1990,SADWLS,1,19-Jul-90,1,13,13,13,5,1,3,1,0,80,15,4,1,-7.75,75,18w,45,Uplands (Wales),WAL,Gwynedd
1990,HYILAM,1,18-Jul-90,3,4,10,5,2,1,3,1,0,40,50,5,5,-5.5,100,11e,11,Easterly lowlands (England),ENG,Derby Unitary Authority
1990,TBXJJD,1,26-Sep-90,2.5,50,50,30,2,1,3,1,0,0,30,10,60,8,0,12e,12,Easterly lowlands (England),ENG,Nottinghamshire
1990,TRVAVH,1,15-Aug-90,3.2,50,65,50,1,1,3,1,0,0,0,0,100,6.5,100,4e,4,Easterly lowlands (England),ENG,Norfolk
1990,UZZKAZ,1,14-Jul-90,3.5,15,18,22,2,1,3,1,0,80,15,3,2,-7.75,65,17w1,17,Uplands (Wales),WAL,Gwynedd
1990,MGWQSP,1,11-Jun-90,1.7,3,5,8,3,1,3,1,0,25,70,1,4,-4.5,0,17w1,17,Uplands (Wales),WAL,Gwynedd
1990,KBLGPE,1,09-Oct-90,1.5,5,5,5,1,1,3,1,0,50,2,1,47,-6.5,0,18w,45,Uplands (Wales),WAL,Clwyd
1990,KUSXUZ,1,17-Oct-90,11,40,60,35,1,1,3,1,0,0,0,0,100,8,40,4e,4,Easterly lowlands (England),ENG,Lincolnshire
1990,JABGJY,1,06-Jun-90,1,2,3,2,1,1,3,1,90,50,50,0,0,-5.5,25,17w3,19,Uplands (Wales),WAL,Gwynedd
1990,GMFGBH,1,05-Jun-90,1.1,2,8,4,2,1,3,1,0,75,20,3,2,-6.5,0,17w3,19,Uplands (Wales),WAL,Clwyd
1990,NERQMG,1,17-Oct-90,0.4,2,2,2,1,1,3,1,0,5,20,1,74,6.5,20,17w3,19,Uplands (Wales),WAL,Clwyd
1990,EVVEDK,1,08-Jul-90,0.7,3,5,3,2,1,3,1,0,0,0,90,10,2,0,10e,10,Westerly lowlands (England),ENG,Cheshire
1990,HVNJKY,1,05-Jul-90,3.8,10,15,20,1,1,3,1,0,65,25,8,2,-7.75,5,17e,16,Uplands (England),ENG,Derbyshire
1990,XHCFPY,1,23-Oct-90,1,30,30,30,1,1,3,1,0,0,0,0,100,8,0,12e,12,Easterly lowlands (England),ENG,Nottinghamshire
1990,IJFDGL,1,16-Jun-90,1.1,10,15,11,4,1,3,1,0,1,93,0,6,-3.25,0,6w,42,Lowlands (Wales),WAL,Gwynedd
1990,RTQIEV,1,26-Jun-90,2.2,21,22,18,2,1,3,1,0,1,0,1,98,8,0,5w,41,Lowlands (Wales),WAL,Clwyd
1990,VJVJJJ,1,17-Aug-90,0.4,5,8,5,2,1,3,1,0,1,6,13,80,6.5,0,13e,13,Westerly lowlands (England),ENG,Merseyside
1990,VUJWHD,1,05-Jul-90,7,20,25,17,3,1,3,1,0,75,5,15,5,-6.5,40,13e,13,Westerly lowlands (England),ENG,Cheshire
1990,IOHTXU,1,27-Sep-90,5,15,20,18,2,1,3,1,0,45,45,5,5,-5.5,2,9e,9,Easterly lowlands (England),ENG,South Yorkshire
1990,JDKZQA,1,28-Sep-90,1,10,20,10,1,1,3,1,0,0,40,30,30,2,0,11e,11,Easterly lowlands (England),ENG,Nottinghamshire
1990,DOASNU,1,03-Oct-90,2.3,20,40,30,1,1,3,1,0,0,20,0,80,8,20,11e,11,Easterly lowlands (England),ENG,Lincolnshire
1990,TJPYWU,1,02-Oct-90,0.4,3,5,4,1,1,3,1,0,0,0,0,100,8,60,12e,12,Easterly lowlands (England),ENG,Lincolnshire
1990,VCQDRX,1,21-Jun-90,1,12,18,15,3,1,3,1,0,90,10,0,0,-9,0,18e,20,Uplands (England),ENG,South Yorkshire
1990,NBXWRU,1,25-Jun-90,0.5,2,2,2,1,1,3,1,0,3,90,2,5,-2,0,10e,10,Westerly lowlands (England),ENG,South Yorkshire
1990,OSGDGJ,1,04-Oct-90,2.8,60,80,40,1,1,3,1,0,0,0,10,90,8,80,9e,9,Easterly lowlands (England),ENG,North Lincolnshire Unitary Authority
1990,NQYHWK,1,20-Jun-90,4,12,12,15,2,1,3,1,20,75,23,1,1,-6.5,0,17e,16,Uplands (England),ENG,West Yorkshire
1990,SURVKO,1,21-Jun-90,0.8,2,4,2,1,1,3,1,0,25,60,10,5,-2,10,10e,10,Westerly lowlands (England),ENG,West Yorkshire
1990,HHNXYQ,1,21-Jun-90,2,20,25,15,1,1,3,1,1,95,0,0,5,-7.75,0,18e,20,Uplands (England),ENG,Lancashire
1990,XTIHBS,1,06-Jun-90,3,75,55,25,1,1,3,1,0,5,50,10,35,6.5,30,10e,10,Westerly lowlands (England),ENG,West Yorkshire
1990,TAJFPX,1,04-Oct-90,1.3,15,22,18,1,1,3,1,0,0,5,5,90,9.5,40,9e,9,Easterly lowlands (England),ENG,East Riding of Yorkshire Unitary Authority
1990,ZLWHEN,1,10-Oct-90,3,150,150,150,1,1,3,1,0,0,0,10,90,8,5,16e,15,Westerly lowlands (England),ENG,East Riding of Yorkshire Unitary Authority
1990,HGBYWJ,1,05-Oct-90,0.7,5,5,5,1,1,3,1,0,5,0,5,90,8,70,7e,7,Westerly lowlands (England),ENG,East Riding of Yorkshire Unitary Authority
1990,UCUYAE,1,26-Jun-90,3.5,15,30,45,3,1,3,1,0,80,20,0,0,-7.75,0,16e,15,Westerly lowlands (England),ENG,Lancashire
1990,HCRUMQ,1,27-Jun-90,0.6,15,25,15,3,1,3,1,0,5,50,40,5,0,30,17e,16,Uplands (England),ENG,Lancashire
1990,RZPWIO,1,18-Jun-90,1,5,10,2,2,1,3,1,0,40,0,20,40,-6.5,5,10e,10,Westerly lowlands (England),ENG,West Yorkshire
1990,BOONVD,1,12-Jun-90,3,15,30,15,1,1,3,1,0,0,0,0,100,8,2,10e,10,Westerly lowlands (England),ENG,North Yorkshire
1990,IDAVFQ,1,08-Jun-90,1,100,100,100,1,1,3,1,0,0,0,0,100,8,40,9e,9,Easterly lowlands (England),ENG,East Riding of Yorkshire Unitary Authority
1990,VGSKFD,1,11-Sep-90,0.5,3,3,3,1,1,3,1,0,0,0,0,100,6.5,50,16e,15,Westerly lowlands (England),ENG,Lancashire
1990,COCEEQ,1,28-Jun-90,4.5,15,20,16,3,1,3,1,0,40,50,9,1,-6.5,0,19e,21,Uplands (England),ENG,Lancashire
1990,THOXDJ,1,21-Jun-90,0.8,25,30,50,4,1,3,1,0,0,75,25,0,-3.25,0,19e,21,Uplands (England),ENG,North Yorkshire
1990,LERYBB,1,13-Jun-90,12,15,60,45,3,1,3,1,0,80,15,5,0,-9,61,10e,10,Westerly lowlands (England),ENG,North Yorkshire
1990,MZHVIH,1,02-Oct-90,2.5,30,30,30,1,1,3,1,0,0,0,10,90,8,40,16e,15,Westerly lowlands (England),ENG,East Riding of Yorkshire Unitary Authority
1990,CKQTZQ,1,07-Jun-90,0.3,2,3,1,1,1,3,1,0,0,25,40,35,2,10,7e,7,Westerly lowlands (England),ENG,East Riding of Yorkshire Unitary Authority
1990,HKUCRW,1,14-Jun-90,1,19,34,16,1,1,3,1,0,0,0,0,100,9.5,20,16e,15,Westerly lowlands (England),ENG,Cumbria
1990,WRBZTH,1,27-Jun-90,0.5,10,10,10,1,1,3,1,0,20,5,5,70,6.5,5,16e,15,Westerly lowlands (England),ENG,Lancashire
1990,FOXCNS,1,25-Jul-90,0.5,4,4,3,5,1,3,1,0,30,0,0,70,9.5,5,23e,23,Uplands (England),ENG,North Yorkshire
1990,GTSBAQ,1,18-Jun-90,3,20,25,20,2,1,3,1,0,15,75,5,5,-4.5,15,16e,15,Westerly lowlands (England),ENG,Cumbria
1990,KZHPIL,1,05-Jul-90,1,50,55,50,2,1,3,1,0,0,0,10,90,8,0,16e,15,Westerly lowlands (England),ENG,Cumbria
1990,WBZDEZ,1,10-Jul-90,1,2,5,5,2,1,3,1,0,90,10,0,0,-7.75,0,19e,21,Uplands (England),ENG,Cumbria
1990,DEOWTI,1,11-Jul-90,0.5,10,10,10,3,1,3,1,0,50,45,5,0,-5.5,10,23e,23,Uplands (England),ENG,North Yorkshire
1990,NFQGQH,1,06-Jun-90,2,5,10,5,2,1,3,1,0,0,60,35,5,0,0,9e,9,Easterly lowlands (England),ENG,North Yorkshire
1990,GKPUAI,1,14-Sep-90,0.9,15,30,25,1,1,3,1,0,0,80,5,15,-3.25,100,13e,13,Westerly lowlands (England),ENG,Cumbria
1990,DUYIHQ,1,20-Jul-90,1.4,15,20,10,2,1,3,1,0,5,30,0,65,6.5,0,19e,21,Uplands (England),ENG,Cumbria
1990,DZIAED,1,05-Jul-90,5,5,10,20,2,1,3,1,15,70,20,0,10,-6.5,0,13e,13,Westerly lowlands (England),ENG,North Yorkshire
1990,UEZICR,1,16-Aug-90,1,3,5,2,1,1,3,1,0,5,15,20,60,6.5,70,7s,25,Lowlands (Scotland),SCO,Dumfries & Galloway
1990,IPLMTS,1,02-Aug-90,0.3,5,6,2,2,1,3,1,0,75,20,0,5,-7.75,0,16e,15,Westerly lowlands (England),ENG,Cumbria
1990,FOXRQT,1,11-Sep-90,1.5,25,75,10,2,1,3,1,0,80,20,0,0,-7.75,0,22e,22,Uplands (England),ENG,Cumbria
1990,JGYXEU,1,28-Sep-90,0.8,10,10,5,2,1,3,1,0,60,35,3,2,-7.75,15,23e,23,Uplands (England),ENG,Cumbria
1990,VOQWLO,1,17-Aug-90,2,10,15,5,1,1,3,1,10,60,2,0,38,-9,0,13s,26,Lowlands (Scotland),SCO,Dumfries & Galloway
1990,AKOMXO,1,12-Sep-90,1,25,50,60,1,1,3,1,0,0,0,0,100,8,80,13e,13,Westerly lowlands (England),ENG,Cumbria
1990,XQPYLJ,1,17-Jul-90,3,25,50,75,2,1,3,1,0,75,10,10,5,-7.75,0,18e,20,Uplands (England),ENG,Cumbria
1990,SZZFDN,1,13-Jul-90,1.5,5,5,5,1,1,3,1,0,5,90,5,0,-3.25,1,22e,22,Uplands (England),ENG,Durham
1990,QQYDJR,1,22-Aug-90,3,35,38,38,1,1,3,1,0,8,80,10,2,-3.25,85,27s,35,Lowlands (Scotland),SCO,Dumfries & Galloway
1990,TSIBRE,1,22-Aug-90,1,15,25,20,1,1,3,1,40,20,5,5,70,6.5,20,13s,26,Lowlands (Scotland),SCO,Dumfries & Galloway
1990,PKSLHM,1,10-Aug-90,1,11,14,7,2,1,3,1,0,40,50,9,1,-4.5,0,26s,34,Lowlands (Scotland),SCO,Dumfries & Galloway
1990,MNNPBO,1,08-Aug-90,3,10,15,12,2,1,3,1,0,30,30,30,10,2,0,27s,35,Lowlands (Scotland),SCO,Dumfries & Galloway
1990,TWVNHH,1,24-Aug-90,1.5,90,100,100,2,1,3,1,0,0,0,0,100,9.5,0,26s,34,Lowlands (Scotland),SCO,South Ayrshire
1990,SHKRQL,1,09-Sep-90,1.5,25,25,50,1,1,3,1,0,0,0,0,100,8,70,28s,36,Intermediate uplands and Islands (Scotland),SCO,Dumfries & Galloway
1990,AHIACC,1,13-Aug-90,1,2,2,2,2,1,3,1,0,0,90,8,2,-3.25,10,26s,34,Lowlands (Scotland),SCO,Dumfries & Galloway
1990,ZVXGSY,1,30-Jul-90,0.5,5,5,5,1,1,3,1,0,75,5,0,20,-6.5,100,25s,33,Lowlands (Scotland),SCO,Dumfries & Galloway
1990,WJHOZP,1,22-Sep-90,0.8,40,30,15,1,1,3,1,0,0,0,0,100,8,5,22e,22,Uplands (England),ENG,Northumberland
1990,UEVYHS,1,09-Sep-90,2,50,50,45,1,1,3,1,0,5,80,10,5,-3.25,30,16e,15,Westerly lowlands (England),ENG,Northumberland
1990,OIXPSH,1,24-Aug-90,1.5,45,50,25,1,1,3,1,0,5,85,10,5,-2,80,7s,25,Lowlands (Scotland),SCO,South Ayrshire
1990,UIGLFJ,1,22-Aug-90,0.5,35,40,35,5,1,3,1,0,80,15,0,5,-7.75,0,22s,30,True uplands (Scotland),SCO,South Ayrshire
1990,ZDMFRI,1,26-Aug-90,2,45,35,25,3,1,3,1,0,70,25,3,2,-6.5,0,22s,30,True uplands (Scotland),SCO,Dumfries & Galloway
1990,DWPADG,1,31-Aug-90,1,15,13,8,2,1,3,1,0,45,45,5,5,-5.5,0,28s,36,Intermediate uplands and Islands (Scotland),SCO,Dumfries & Galloway
1990,NZACAP,1,24-Sep-90,1.5,10,20,5,2,1,3,1,0,25,70,5,0,-4.5,0,28s,36,Intermediate uplands and Islands (Scotland),SCO,Dumfries & Galloway
1990,BVHYKF,1,26-Jul-90,1,15,10,2,2,1,3,1,5,30,60,10,0,-4.5,9,22s,30,True uplands (Scotland),SCO,Dumfries & Galloway
1990,AUMEYK,1,21-Sep-90,0.8,10,50,20,2,1,3,1,0,0,0,80,20,0,0,22e,22,Uplands (England),ENG,Northumberland
1990,UYZJMJ,1,20-Sep-90,1,20,50,25,1,1,3,1,0,0,0,0,100,8,100,25e,24,Easterly lowlands (England),ENG,Northumberland
1990,MJIHQZ,1,14-Nov-90,0.6,30,35,20,1,1,3,1,0,0,15,20,65,8,0,25e,24,Easterly lowlands (England),ENG,Northumberland
1990,HZXYKQ,1,30-Aug-90,2,15,15,5,3,1,3,1,0,30,55,10,5,-5.5,0,25s,33,Lowlands (Scotland),SCO,South Ayrshire
1990,SXVOJP,1,28-Aug-90,1.5,15,15,10,2,1,3,1,0,40,60,0,0,-5.5,5,21s,29,True uplands (Scotland),SCO,East Ayrshire
1990,ZWGBOD,1,28-Jul-90,3,10,15,5,1,1,3,1,0,60,30,5,5,-7.75,5,22s,30,True uplands (Scotland),SCO,Dumfries & Galloway
1990,EAHYYJ,1,04-Sep-90,0.5,5,10,5,3,1,3,1,10,80,20,0,0,-6.5,0,21s,29,True uplands (Scotland),SCO,Dumfries & Galloway
1990,ZKXWRH,1,04-Sep-90,0.3,10,10,10,1,1,3,1,0,0,80,10,10,-4.5,0,22s,30,True uplands (Scotland),SCO,South Lanarkshire
1990,QVIAYN,1,31-Aug-90,0.3,5,5,10,2,1,3,1,30,50,50,0,0,-6.5,5,22s,30,True uplands (Scotland),SCO,Dumfries & Galloway
1990,BBYZZW,1,19-Sep-90,2.5,14,10,15,2,1,3,1,0,80,10,5,5,-7.75,5,27s,35,Lowlands (Scotland),SCO,Scottish Borders
1990,PFCFRO,1,19-Sep-90,2.7,15,20,15,3,1,3,1,0,25,65,5,5,-4.5,5,27s,35,Lowlands (Scotland),SCO,Scottish Borders
1990,YBYWHW,1,21-Sep-90,0.3,10,15,10,2,1,3,1,0,0,0,5,95,8,0,22s,30,True uplands (Scotland),SCO,Northumberland
1990,KXFAEB,1,16-Sep-90,0.8,40,40,40,1,1,3,1,0,0,0,50,50,2,0,7s,25,Lowlands (Scotland),SCO,Argyll & Bute
1990,ERZTLR,1,20-Jul-90,0.9,5,15,5,1,1,3,1,0,5,75,0,20,-4.5,85,28s,36,Intermediate uplands and Islands (Scotland),SCO,East Ayrshire
1990,MPVOVJ,1,03-Jul-90,0.5,5,10,2,4,1,3,1,0,7,90,0,3,-3.25,0,23s,31,True uplands (Scotland),SCO,Scottish Borders
1990,HGUOAH,1,03-Oct-90,0.4,1,1,1,1,1,3,1,0,20,70,5,5,-4.5,1,23e,23,Uplands (England),ENG,Northumberland
1990,LDEDPH,1,22-Aug-90,0.3,2,5,2,1,1,3,1,0,30,50,10,10,-6.5,10,25e,24,Easterly lowlands (England),ENG,Northumberland
1990,DJYEXM,1,15-Sep-90,0.9,20,30,20,1,1,3,1,60,0,100,0,0,-3.25,60,18s,27,Intermediate uplands and Islands (Scotland),SCO,Argyll & Bute
1990,YERFOW,1,13-Sep-90,0.8,15,15,15,2,1,3,1,0,0,20,60,20,2,10,7s,25,Lowlands (Scotland),SCO,North Ayrshire
1990,RVGJUQ,1,24-Oct-90,1.6,8,20,5,3,1,3,1,0,10,70,20,0,-3.25,0,7s,25,Lowlands (Scotland),SCO,North Ayrshire
1990,PNSAFC,1,25-Oct-90,1,10,15,10,2,1,3,1,0,25,10,5,60,6.5,0,26s,34,Lowlands (Scotland),SCO,East Ayrshire
1990,YYKNUC,1,26-Oct-90,1.8,15,25,10,3,1,3,1,0,50,50,0,0,-5.5,5,22s,30,True uplands (Scotland),SCO,South Lanarkshire
1990,FIAYXI,1,09-Jun-90,0.3,22,20,15,3,1,3,1,0,25,60,0,15,-4.5,0,22s,30,True uplands (Scotland),SCO,Scottish Borders
1990,DKUMUJ,1,06-Jun-90,2.1,15,30,35,3,1,3,1,0,60,30,5,5,-6.5,0,27s,35,Lowlands (Scotland),SCO,Scottish Borders
1990,FAQWDV,1,13-Jun-90,5.5,5,5,3,3,1,3,1,0,40,50,5,5,-3.25,50,27s,35,Lowlands (Scotland),SCO,Scottish Borders
1990,JKBXAQ,1,14-Jun-90,0.5,5,7,2,1,1,3,1,0,0,30,10,60,6.5,0,25s,33,Lowlands (Scotland),SCO,Scottish Borders
1990,FAFYWJ,1,27-Jul-90,0.6,15,15,15,2,1,3,1,0,0,10,40,50,2,90,25e,24,Easterly lowlands (England),ENG,Northumberland
1990,GCFNAZ,1,18-Sep-90,1,15,20,15,3,1,3,1,0,5,10,0,85,9.5,1,13s,26,Lowlands (Scotland),SCO,Argyll & Bute
1990,MENREM,1,14-Sep-90,1.2,5,10,5,2,1,3,1,0,80,20,0,0,-6.5,15,7s,25,Lowlands (Scotland),SCO,North Ayrshire
1990,QASSZL,1,23-Oct-90,1.7,10,25,10,3,1,3,1,0,60,40,0,0,-5.5,0,18s,27,Intermediate uplands and Islands (Scotland),SCO,North Ayrshire
1990,ESYNMZ,1,31-Oct-90,2.8,10,20,30,2,1,3,1,30,80,10,0,10,-7.75,0,27s,35,Lowlands (Scotland),SCO,North Ayrshire
1990,MEYBKX,1,29-Oct-90,0.6,10,15,10,3,1,3,1,0,10,90,0,0,-3.25,0,25s,33,Lowlands (Scotland),SCO,East Renfrewshire
1990,XGHBPM,1,20-Jun-90,0.8,1,1,1,1,1,3,1,0,0,5,0,95,6.5,60,25s,33,Lowlands (Scotland),SCO,South Lanarkshire
1990,RLJGXU,1,31-May-90,0.2,15,15,15,1,1,3,1,0,0,0,0,100,6.5,90,22s,30,True uplands (Scotland),SCO,Scottish Borders
1990,SQOIDY,1,30-May-90,0.5,5,5,2,3,1,3,1,0,5,50,5,40,-4.5,0,19s,28,Intermediate uplands and Islands (Scotland),SCO,Scottish Borders
1990,WKTPKP,1,13-Jun-90,0.5,15,15,15,1,1,3,1,0,60,10,20,10,-6.5,0,25s,33,Lowlands (Scotland),SCO,Scottish Borders
1990,WEPWXB,1,19-Sep-90,0.8,20,20,20,3,1,3,1,0,90,5,0,5,-7.75,10,30s,38,Intermediate uplands and Islands (Scotland),SCO,Argyll & Bute
1990,YJORQV,1,21-Jun-90,2.5,18,25,25,2,1,3,1,10,50,30,10,0,-6.5,0,27s,35,Lowlands (Scotland),SCO,North Lanarkshire
1990,SEQVXD,1,01-Jun-90,2,40,50,50,2,1,3,1,0,5,0,0,95,6.5,5,27s,35,Lowlands (Scotland),SCO,"Edinburgh, City of"
1990,MRCWBN,1,13-Aug-90,0.5,15,15,15,1,1,3,1,0,80,15,0,5,-6.5,50,19s,28,Intermediate uplands and Islands (Scotland),SCO,East Lothian
1990,XGOPTX,1,05-Jul-90,0.3,10,15,15,3,1,3,1,0,25,0,0,75,6.5,0,18s,27,Intermediate uplands and Islands (Scotland),SCO,Scottish Borders
1990,ADHCCF,1,15-Oct-90,3.2,20,40,25,4,1,3,1,0,60,40,0,0,-7.75,0,13s,26,Lowlands (Scotland),SCO,Argyll & Bute
1990,FTFESP,1,16-Oct-90,2.5,20,50,20,4,1,3,1,0,80,20,0,0,-7.75,30,18s,27,Intermediate uplands and Islands (Scotland),SCO,Argyll & Bute
1990,FBUJKB,1,24-Jul-90,1,15,20,15,2,1,3,1,0,0,10,50,40,2,20,26s,34,Lowlands (Scotland),SCO,Stirling
1990,LGDSKO,1,07-Jun-90,2,25,25,25,1,1,3,1,0,0,0,0,100,6.5,0,26s,34,Lowlands (Scotland),SCO,East Lothian
1990,YMMERA,1,04-Sep-90,0.5,5,15,5,2,1,3,1,0,50,50,0,0,-6.5,0,13s,26,Lowlands (Scotland),SCO,Argyll & Bute
1990,RYNWUT,1,25-Oct-90,2.5,15,10,15,3,1,3,1,0,20,80,0,0,-4.5,0,30s,38,Intermediate uplands and Islands (Scotland),SCO,Argyll & Bute
1990,BRKIBT,1,13-Oct-90,1.1,10,30,15,4,1,3,1,30,70,30,0,0,-7.75,20,28s,36,Intermediate uplands and Islands (Scotland),SCO,Argyll & Bute
1990,CDHIYE,1,14-Oct-90,0.5,10,20,10,2,1,3,1,0,60,40,0,0,-6.5,0,21s,29,True uplands (Scotland),SCO,Argyll & Bute
1990,YFJGHR,1,09-Oct-90,0.6,10,20,10,2,1,3,1,0,70,0,30,0,-6.5,100,26s,34,Lowlands (Scotland),SCO,Stirling
1990,GWRSAM,1,27-Jun-90,0.3,3,3,3,1,1,3,1,0,0,10,0,90,6.5,0,26s,34,Lowlands (Scotland),SCO,Fife
1990,IGSFRL,1,12-Oct-90,1.8,25,50,20,4,1,3,1,0,90,10,0,0,-7.75,40,18s,27,Intermediate uplands and Islands (Scotland),SCO,Argyll & Bute
1990,UBXRLL,1,10-Oct-90,1.1,10,30,10,4,1,3,1,0,80,20,0,0,-7.75,5,24s,32,True uplands (Scotland),SCO,Stirling
1990,VXSVLY,1,02-Jul-90,0.4,10,10,10,3,1,3,1,0,25,50,20,5,-5.5,0,25s,33,Lowlands (Scotland),SCO,Perth & Kinross
1990,KIZQZD,1,27-Jun-90,5,50,30,25,4,1,3,1,0,65,20,10,5,-7.75,0,27s,35,Lowlands (Scotland),SCO,Perth & Kinross
1990,CKLUFF,1,26-Jun-90,0.6,2,8,8,1,1,3,1,0,0,0,0,100,6.5,70,26s,34,Lowlands (Scotland),SCO,Fife
1990,RJYDPB,1,13-Jul-90,1.8,10,10,5,1,1,3,1,0,0,90,0,10,-2,0,13s,26,Lowlands (Scotland),SCO,Argyll & Bute
1990,NHOCBB,1,01-Sep-90,0.5,10,10,10,2,1,3,1,10,30,60,10,0,-4.5,0,24s,32,True uplands (Scotland),SCO,Argyll & Bute
1990,GNSZNY,1,02-Sep-90,0.7,20,20,20,4,1,3,1,0,5,50,0,45,-4.5,0,24s,32,True uplands (Scotland),SCO,Argyll & Bute
1990,FKKANQ,1,04-Sep-90,5,50,20,20,4,1,3,1,0,80,15,5,0,-7.75,0,21s,29,True uplands (Scotland),SCO,Stirling
1990,PTHHYT,1,05-Jul-90,1,20,20,15,2,1,3,1,0,25,25,50,0,2,0,25s,33,Lowlands (Scotland),SCO,Perth & Kinross
1990,CNXIPS,1,20-Jun-90,1.5,20,18,20,2,1,3,1,0,5,0,0,95,6.5,0,26s,34,Lowlands (Scotland),SCO,Perth & Kinross
1990,SXFQWQ,1,28-Jun-90,1.5,1,1,2,3,1,3,1,0,0,90,5,5,-3.25,0,26s,34,Lowlands (Scotland),SCO,Fife
1990,OVOHHS,1,30-Aug-90,1.5,65,80,75,1,1,3,1,0,0,0,0,100,9.5,0,13s,26,Lowlands (Scotland),SCO,Argyll & Bute
1990,NAMISZ,1,11-Jul-90,0.3,5,5,3,2,1,3,1,0,20,60,15,5,-3.25,0,29s,37,Intermediate uplands and Islands (Scotland),SCO,Argyll & Bute
1990,MWWCVA,1,14-Jul-90,0.9,12,10,7,2,1,3,1,0,30,50,15,5,-3.25,5,18s,27,Intermediate uplands and Islands (Scotland),SCO,Argyll & Bute
1990,BLRZDJ,1,10-Jul-90,1.3,10,15,10,1,1,3,1,40,99,1,0,0,-7.75,0,25s,33,Lowlands (Scotland),SCO,Argyll & Bute
1990,STXVMF,1,22-Aug-90,1.5,30,30,20,1,1,3,1,0,0,25,20,55,8,0,29s,37,Intermediate uplands and Islands (Scotland),SCO,Argyll & Bute
1990,UFFUSX,1,02-Sep-90,1,30,30,30,4,1,3,1,0,25,50,25,0,-4.5,0,24s,32,True uplands (Scotland),SCO,Argyll & Bute
1990,XHAIJL,1,06-Nov-90,5.5,15,25,20,4,1,3,1,0,80,15,3,2,-7.75,0,24s,32,True uplands (Scotland),SCO,Perth & Kinross
1990,SUGYHV,1,19-Aug-90,0.2,15,15,15,1,1,3,1,0,90,5,0,5,-6.5,0,23s,31,True uplands (Scotland),SCO,Perth & Kinross
1990,JDUTQQ,1,01-Oct-90,1.5,15,30,30,1,1,3,1,0,0,0,0,100,6.5,0,27s,35,Lowlands (Scotland),SCO,Perth & Kinross
1990,TDZOHS,1,30-Sep-90,0.5,10,10,10,2,1,3,1,0,0,20,20,60,8,0,27s,35,Lowlands (Scotland),SCO,Angus
1990,BKRDLI,1,12-Jul-90,1.6,9,18,15,1,1,3,1,0,50,40,10,0,-6.5,0,30s,38,Intermediate uplands and Islands (Scotland),SCO,Argyll & Bute
1990,VIBTBA,1,10-Jul-90,1.5,20,10,10,1,1,3,1,0,50,40,10,0,-9,0,30s,38,Intermediate uplands and Islands (Scotland),SCO,Argyll & Bute
1990,QFVTHZ,1,26-Jul-90,1.5,10,10,30,2,1,3,1,0,95,5,0,0,-9,0,29s,37,Intermediate uplands and Islands (Scotland),SCO,Highland
1990,KFDEHM,1,04-Aug-90,1.5,10,15,25,4,1,3,1,0,100,0,0,0,-7.75,0,24s,32,True uplands (Scotland),SCO,Highland
1990,VKOMTT,1,31-Jul-90,3,15,21,25,1,1,3,1,0,80,20,0,0,-7.75,0,29s,37,Intermediate uplands and Islands (Scotland),SCO,Highland
1990,ZLXWKT,1,20-Aug-90,0.2,5,2,3,2,1,3,1,0,20,50,10,20,-4.5,0,24s,32,True uplands (Scotland),SCO,Highland
1990,XVQXXD,1,07-Nov-90,1.5,50,50,25,1,1,3,1,0,15,0,85,0,2,0,23s,31,True uplands (Scotland),SCO,Highland
1990,GNCHSI,1,18-Aug-90,3,15,50,45,4,1,3,1,0,90,10,0,0,-7.75,0,22s,30,True uplands (Scotland),SCO,Perth & Kinross
1990,POOOBA,1,28-Sep-90,0.5,5,30,30,1,1,3,1,0,0,10,10,80,6.5,80,22s,30,True uplands (Scotland),SCO,Angus
1990,MAWOAV,1,04-Aug-90,1.5,10,15,10,3,1,3,1,0,60,30,5,5,-6.5,0,30s,38,Intermediate uplands and Islands (Scotland),SCO,Highland
1990,DZKTFU,1,09-Nov-90,0.8,60,60,60,1,1,3,1,0,0,0,50,50,2,75,21s,29,True uplands (Scotland),SCO,Highland
1990,CTERRY,1,31-Jul-90,0.8,10,10,10,1,1,3,1,75,40,60,0,0,-5.5,0,29s,37,Intermediate uplands and Islands (Scotland),SCO,Highland
1990,ZTBJGY,1,08-Nov-90,7,10,10,10,2,1,3,1,0,60,35,5,0,-5.5,0,23s,31,True uplands (Scotland),SCO,Highland
1990,EXSYAA,1,14-Aug-90,2,20,25,20,2,1,3,1,5,60,40,0,0,-5.5,0,23s,31,True uplands (Scotland),SCO,Perth & Kinross
1990,HQKXCG,1,27-Sep-90,1.5,10,15,10,3,1,3,1,0,70,20,5,5,-6.5,60,23s,31,True uplands (Scotland),SCO,Angus
1990,QOZLLL,1,01-Nov-90,6,10,15,25,3,1,3,1,0,25,70,5,0,-4.5,0,23s,31,True uplands (Scotland),SCO,Angus
1990,VDTMEB,1,16-Aug-90,0.8,3,3,3,1,1,3,1,0,10,75,10,5,-3.25,40,25s,33,Lowlands (Scotland),SCO,Angus
1990,UKWMMX,1,14-Aug-90,0.3,1,1,1,2,1,3,1,0,2,0,0,98,8,25,25s,33,Lowlands (Scotland),SCO,Aberdeenshire
1990,ZJGHZJ,1,01-Aug-90,7,10,5,5,3,1,3,1,0,50,40,10,0,-5.5,0,24s,32,True uplands (Scotland),SCO,Highland
1990,XXFYMD,1,16-Aug-90,2,25,30,15,1,1,3,1,0,0,10,15,75,6.5,0,23s,31,True uplands (Scotland),SCO,Highland
1990,HDPVAL,1,15-Aug-90,0.5,5,5,20,3,1,3,1,0,100,0,0,0,-7.75,0,24s,32,True uplands (Scotland),SCO,Highland
1990,GXDBED,1,12-Jul-90,2.5,10,20,20,4,1,3,1,0,80,18,1,1,-7.75,0,23s,31,True uplands (Scotland),SCO,Aberdeenshire
1990,WDGZFA,1,04-Jul-90,0.4,15,15,15,2,1,3,1,0,15,75,9,1,-3.25,0,23s,31,True uplands (Scotland),SCO,Aberdeenshire
1990,SSAXXL,1,31-May-90,4,20,35,20,3,1,3,1,70,66,32,1,1,-7.75,0,22s,30,True uplands (Scotland),SCO,Aberdeenshire
1990,KOQHZQ,1,05-Jul-90,0.6,10,10,10,2,1,3,1,0,0,90,5,5,-3.25,0,26s,34,Lowlands (Scotland),SCO,Aberdeenshire
1990,UOLEKX,1,31-Oct-90,3,40,50,20,4,1,3,1,10,70,25,5,0,-7.75,0,24s,32,True uplands (Scotland),SCO,Highland
1990,OBNMHM,1,12-Jun-90,1,12,15,15,2,1,3,1,0,70,20,9,1,-7.75,60,23s,31,True uplands (Scotland),SCO,Highland
1990,UXXKAG,1,30-Jun-90,0.5,20,20,18,1,1,3,1,0,5,10,10,75,9.5,50,22s,30,True uplands (Scotland),SCO,Aberdeenshire
1990,NDDDBT,1,31-Aug-90,1.1,45,50,50,3,1,3,1,0,5,25,70,0,-2,0,30s,38,Intermediate uplands and Islands (Scotland),SCO,Eilean Siar
1990,KPHKQI,1,07-Jun-90,1.5,12,12,16,3,1,3,1,20,75,20,3,2,-6.5,0,24s,32,True uplands (Scotland),SCO,Highland
1990,OHLVGM,1,08-Jun-90,1,10,10,10,1,1,3,1,0,45,45,5,5,-9,0,21s,29,True uplands (Scotland),SCO,Highland
1990,TBRBZK,1,06-Jun-90,0.6,5,10,5,1,1,3,1,5,5,65,10,20,-3.25,10,21s,29,True uplands (Scotland),SCO,Highland
1990,CHTONI,1,08-Nov-90,2,25,45,20,4,1,3,1,0,15,50,30,5,-2,55,23s,31,True uplands (Scotland),SCO,Aberdeenshire
1990,MVQGEB,1,31-Oct-90,0.4,20,10,8,2,1,3,1,0,0,30,20,50,9.5,60,22s,30,True uplands (Scotland),SCO,Aberdeenshire
1990,VDMHHE,1,18-Jul-90,0.5,20,20,20,2,1,3,1,0,0,20,75,5,2,0,25s,33,Lowlands (Scotland),SCO,Aberdeenshire
1990,HPLWER,1,28-Aug-90,0.8,15,11,5,1,1,3,1,94,83,0,17,0,-9,75,30s,38,Intermediate uplands and Islands (Scotland),SCO,Eilean Siar
1990,YCZHUL,1,23-Jul-90,1.5,5,10,10,2,1,3,1,0,10,80,5,5,-3.25,10,30s,38,Intermediate uplands and Islands (Scotland),SCO,Highland
1990,LXSSXH,1,01-Aug-90,0.9,20,20,20,3,1,3,1,10,50,30,10,10,-7.75,0,29s,37,Intermediate uplands and Islands (Scotland),SCO,Highland
1990,OTMPPX,1,09-Jun-90,2.3,15,20,10,2,1,3,1,0,85,14,1,0,-7.75,1,21s,29,True uplands (Scotland),SCO,Highland
1990,FMFSCG,1,07-Jun-90,2,7,5,5,5,1,3,1,0,80,20,0,0,-7.75,0,24s,32,True uplands (Scotland),SCO,Highland
1990,OJWELS,1,06-Jun-90,1,12,25,12,2,1,3,1,50,90,10,0,0,-7.75,5,24s,32,True uplands (Scotland),SCO,Highland
1990,MSRUTP,1,15-Jun-90,1.5,40,35,25,1,1,3,1,0,30,40,0,30,-6.5,95,22s,30,True uplands (Scotland),SCO,Highland
1990,KKXZXW,1,15-Aug-90,0.8,8,12,12,2,1,3,1,0,25,60,10,5,-2,0,22s,30,True uplands (Scotland),SCO,Moray
1990,CMBROG,1,20-Jun-90,2,12,5,5,2,1,3,1,0,10,20,40,30,4.25,0,22s,30,True uplands (Scotland),SCO,Aberdeenshire
1990,XNMVMF,1,02-Oct-90,2,80,80,80,1,1,3,1,0,0,0,0,100,6.5,5,27s,35,Lowlands (Scotland),SCO,Aberdeenshire
1990,DLHRIK,1,14-Sep-90,0.8,10,20,15,1,1,3,1,0,0,0,0,100,6.5,70,26s,34,Lowlands (Scotland),SCO,Aberdeenshire
1990,FALEKI,1,27-Jul-90,0.9,5,5,5,2,1,3,1,10,35,50,5,10,-3.25,0,30s,38,Intermediate uplands and Islands (Scotland),SCO,Highland
1990,NPWDRZ,1,29-Jul-90,1.1,10,12,15,1,1,3,1,0,10,70,10,10,-3.25,10,30s,38,Intermediate uplands and Islands (Scotland),SCO,Highland
1990,CRWYWA,1,30-Oct-90,3,40,40,40,4,1,3,1,0,60,30,5,5,-7.75,10,21s,29,True uplands (Scotland),SCO,Highland
1990,YYXKLZ,1,24-Oct-90,1.5,15,25,20,2,1,3,1,0,75,25,0,0,-7.75,10,24s,32,True uplands (Scotland),SCO,Highland
1990,EPDZLB,1,02-Oct-90,1.5,40,45,40,3,1,3,1,0,5,10,80,5,2,0,25s,33,Lowlands (Scotland),SCO,Highland
1990,AQLJEH,1,17-Oct-90,1.2,10,20,15,2,1,3,1,0,10,70,20,0,-5.5,0,28s,36,Intermediate uplands and Islands (Scotland),SCO,Highland
1990,EPCXUG,1,04-Oct-90,3,28,25,15,1,1,3,1,0,0,0,0,100,6.5,10,25s,33,Lowlands (Scotland),SCO,Moray
1990,GAEJTI,1,26-Sep-90,1.2,30,30,30,1,1,3,1,0,0,30,60,10,2,100,25s,33,Lowlands (Scotland),SCO,Aberdeenshire
1990,GCKECU,1,21-Sep-90,0.6,25,25,25,1,1,3,1,0,20,5,60,15,2,0,26s,34,Lowlands (Scotland),SCO,Aberdeenshire
1990,KKQPEW,1,25-Aug-90,1,10,45,25,1,1,3,1,0,0,0,95,5,2,0,30s,38,Intermediate uplands and Islands (Scotland),SCO,Eilean Siar
1990,JNFHMV,1,25-Jul-90,4.5,18,15,20,3,1,3,1,0,30,50,10,10,-3.25,15,30s,38,Intermediate uplands and Islands (Scotland),SCO,Highland
1990,HHGYVR,1,23-Jun-90,0.5,15,15,18,3,1,3,1,0,10,15,15,60,9.5,20,21s,29,True uplands (Scotland),SCO,Highland
1990,HFZBUF,1,03-Oct-90,0.5,10,10,10,2,1,3,1,0,0,0,5,95,9.5,0,28s,36,Intermediate uplands and Islands (Scotland),SCO,Highland
1990,IKROEN,1,24-Oct-90,5,32,45,25,4,1,3,1,0,96,2,1,1,-7.75,6,21s,29,True uplands (Scotland),SCO,Highland
1990,VLABYI,1,23-Oct-90,1.2,20,25,25,1,1,3,1,0,5,40,50,5,2,0,25s,33,Lowlands (Scotland),SCO,Moray
1990,DOCHFG,1,23-Oct-90,1,15,20,10,1,1,3,1,0,0,10,5,85,8,90,28s,36,Intermediate uplands and Islands (Scotland),SCO,Moray
1990,COIKIP,1,27-Sep-90,0.8,20,25,20,1,1,3,1,0,0,10,10,80,8,80,27s,35,Lowlands (Scotland),SCO,Aberdeenshire
1990,ANHJGW,1,22-Aug-90,1.4,35,40,30,1,1,3,1,0,0,0,0,100,9.5,0,29s,37,Intermediate uplands and Islands (Scotland),SCO,Eilean Siar
1990,ZTUIEI,1,25-Oct-90,2.5,25,50,75,2,1,3,1,0,5,85,5,5,-4.5,0,28s,36,Intermediate uplands and Islands (Scotland),SCO,Highland
1990,JFYGIL,1,28-Aug-90,0.2,4,6,2,2,1,3,1,50,40,50,5,5,-5.5,20,30s,38,Intermediate uplands and Islands (Scotland),SCO,Eilean Siar
1990,ELWJGA,1,26-Jun-90,0.3,8,7,7,1,1,3,1,5,60,0,10,30,-9,5,29s,37,Intermediate uplands and Islands (Scotland),SCO,Highland
1990,YJTHLC,1,17-Oct-90,0.3,5,5,5,2,1,3,1,0,5,0,0,95,9.5,1,21s,29,True uplands (Scotland),SCO,Highland
1990,VIYZXK,1,18-Oct-90,2,18,20,15,3,1,3,1,0,5,5,45,45,4.25,30,28s,36,Intermediate uplands and Islands (Scotland),SCO,Highland
1990,KVEVJD,1,30-Aug-90,0.3,6,4,4,1,1,3,1,0,70,20,5,5,-7.75,0,29s,37,Intermediate uplands and Islands (Scotland),SCO,Eilean Siar
1990,QNUBNN,1,26-Jun-90,0.4,60,60,50,1,1,3,1,0,5,5,10,80,8,0,21s,29,True uplands (Scotland),SCO,Highland
1990,SGZFTP,1,22-Jun-90,0.9,65,65,65,4,1,3,1,0,5,5,5,85,9.5,0,21s,29,True uplands (Scotland),SCO,Highland
1990,QYXARR,1,21-Aug-90,1.8,30,15,20,3,1,3,1,5,90,10,0,0,-7.75,90,32s,40,Intermediate uplands and Islands (Scotland),SCO,Eilean Siar
1990,YUCTHB,1,01-Sep-90,1.5,20,20,20,4,1,3,1,0,20,50,30,0,0,35,32s,40,Intermediate uplands and Islands (Scotland),SCO,Eilean Siar
1990,SUADBS,1,20-Jun-90,0.6,7,7,5,1,1,3,1,5,25,70,3,2,-3.25,1,21s,29,True uplands (Scotland),SCO,Highland
1990,OVZQKU,1,12-Oct-90,2,20,35,20,3,1,3,1,0,40,40,10,10,-5.5,5,21s,29,True uplands (Scotland),SCO,Highland
1990,OQQSNF,1,25-Aug-90,1.3,12,25,25,2,1,3,1,0,40,50,5,5,-5.5,10,32s,40,Intermediate uplands and Islands (Scotland),SCO,Eilean Siar
1990,CIPHOQ,1,22-Aug-90,0.6,70,30,40,2,1,3,1,0,0,40,55,5,2,0,32s,40,Intermediate uplands and Islands (Scotland),SCO,Eilean Siar
1990,GGCZVE,1,26-Oct-90,2,5,10,3,2,1,3,1,0,20,80,0,0,-4.5,0,28s,36,Intermediate uplands and Islands (Scotland),SCO,Highland
1990,JEPNTE,1,11-Oct-90,4,20,35,20,3,1,3,1,0,10,50,30,10,-2,0,21s,29,True uplands (Scotland),SCO,Highland
1990,XQGJOH,1,06-Nov-90,0.5,30,40,40,3,1,3,1,0,38,1,1,60,6.5,1,27s,35,Lowlands (Scotland),SCO,Highland
1990,QVCPLP,1,04-Sep-90,0.3,25,40,30,4,1,3,1,0,0,0,0,100,9.5,30,30s,38,Intermediate uplands and Islands (Scotland),SCO,Eilean Siar
1990,JTEHKQ,1,21-Jun-90,0.3,10,10,5,1,1,3,1,0,0,0,0,100,9.5,20,32s,40,Intermediate uplands and Islands (Scotland),SCO,Highland
1990,KUWSSI,1,17-Sep-90,1.2,7,11,12,1,1,3,1,0,0,0,0,100,8,80,28s,36,Intermediate uplands and Islands (Scotland),SCO,Highland
1990,JBQWJT,1,18-Sep-90,1.5,20,50,50,1,1,3,1,0,0,0,40,60,9.5,20,28s,36,Intermediate uplands and Islands (Scotland),SCO,Highland
1990,TZYVRC,1,31-Aug-90,0.3,6,4,4,1,1,3,1,0,20,20,40,20,2,20,31s,39,Intermediate uplands and Islands (Scotland),SCO,Eilean Siar
1990,FPZGGG,1,10-Oct-90,3.5,60,40,15,4,1,3,1,0,50,45,5,0,-7.75,5,21s,29,True uplands (Scotland),SCO,Highland
1990,UTZMGL,1,10-Oct-90,0.5,10,10,10,1,1,3,1,0,0,0,5,95,9.5,90,31s,39,Intermediate uplands and Islands (Scotland),SCO,Highland
1990,SHOJSV,1,18-Jul-90,0.4,8,10,5,2,1,3,1,20,0,63,6,31,-3.25,0,32s,40,Intermediate uplands and Islands (Scotland),SCO,Orkney Islands
1990,GPKWZZ,1,26-Jul-90,0.4,7,10,5,1,1,3,1,0,1,20,5,74,8,80,31s,39,Intermediate uplands and Islands (Scotland),SCO,Orkney Islands
1990,PEVPIP,1,28-Jul-90,0.8,5,10,2,1,1,3,1,5,74,21,2,3,-7.75,5,31s,39,Intermediate uplands and Islands (Scotland),SCO,Orkney Islands
1990,FGGQSX,1,01-Aug-90,0.8,2,10,5,1,1,3,1,0,0,80,5,15,-2,25,31s,39,Intermediate uplands and Islands (Scotland),SCO,Orkney Islands
1990,SXXOPZ,1,19-Jul-90,1.5,20,25,20,2,1,3,1,5,35,35,15,15,-9,45,32s,40,Intermediate uplands and Islands (Scotland),SCO,Shetland Islands
1990,BBIJIG,1,29-Jul-90,1,8,8,4,1,1,3,1,40,70,25,3,2,-7.75,10,31s,39,Intermediate uplands and Islands (Scotland),SCO,Shetland Islands
1990,LCLMLO,1,25-Jul-90,0.8,15,15,10,1,1,3,1,0,40,50,5,5,-5.5,75,32s,40,Intermediate uplands and Islands (Scotland),SCO,Shetland Islands
1990,NGQBRD,1,02-Aug-90,0.5,2,5,5,1,1,3,1,0,5,40,5,50,6.5,5,32s,40,Intermediate uplands and Islands (Scotland),SCO,Shetland Islands
1990,ZTHUIF,1,31-Jul-90,1.5,3,10,12,1,1,3,1,0,40,40,15,5,-6.5,60,31s,39,Intermediate uplands and Islands (Scotland),SCO,Shetland Islands
1990,YRGEZQ,1,09-Jul-90,7,35,70,40,4,1,3,1,0,75,25,0,0,-7.75,0,19e,21,Uplands (England),ENG,Cumbria
1990,MNGVAE,1,20-Jul-90,0.5,2,5,8,1,1,3,1,0,0,90,5,5,-3.25,10,22e,22,Uplands (England),ENG,North Yorkshire
1990,ETBVQS,1,04-Jun-90,1,4,6,4,1,1,3,1,0,50,40,5,5,-6.5,0,10e,10,Westerly lowlands (England),ENG,North Yorkshire
1990,VJURQL,1,06-Jul-90,0.8,2,5,5,1,1,3,1,0,0,5,5,90,8,0,19e,21,Uplands (England),ENG,North Yorkshire
1990,FJXZSU,1,03-Aug-90,1,5,30,10,2,1,3,1,0,90,10,0,0,-7.75,5,19e,21,Uplands (England),ENG,North Yorkshire
